﻿Input,Response,,,,,,,,,,,,,,,,,,,,,,,,,,
hi,How can I help you,,,,,,,,,,,,,,,,,,,,,,,,,,
Tulasi,"Tulsi, also known as Holy Basil, is a revered herb in Ayurveda, cherished for its multifaceted health benefits. It serves as an adaptogen, helping the body combat stress while promoting mental well-being. With its anti-inflammatory and antioxidant properties, Tulsi supports respiratory health and bolsters the immune system. This sacred plant aids digestion, soothes skin ailments, and holds a special place in traditional Indian households. Harvested, dried, and powdered, it can be consumed in various forms, from herbal teas to capsules, offering a natural path to holistic health.",,,,,,,,,,,,,,,,,,,,,,,,,,
neem,"Neem, scientifically known as Azadirachta indica, is a remarkable herb with a wide array of health applications. Revered in Ayurveda, neem is celebrated for its potent antibacterial and antifungal properties, making it a go-to remedy for skin ailments such as acne and eczema. Neem's role in oral health is also significant, as it has been traditionally employed as a natural toothbrush and a key ingredient in toothpaste formulations. This herb is reputed to bolster the immune system and may aid in blood sugar control for those managing diabetes. With anti-inflammatory attributes, neem provides relief for conditions like arthritis, and its oil serves as a natural insect repellent. Harvested from the neem tree, its leaves, seeds, and bark are carefully dried and processed to create various medicinal formulations, including neem oil, powders, and infusions, offering holistic health benefits to those who seek its natural remedies.",,,,,,,,,,,,,,,,,,,,,,,,,,
Skin Conditions,"Skin conditions encompass a wide range of dermatological issues that affect the skin's appearance, texture, and overall health. Neem is renowned for its ability to address various skin problems. Neem oil, rich in antioxidants and anti-inflammatory properties, can be applied topically to acne-prone skin to reduce inflammation, kill bacteria, and soothe irritation. Neem-based creams or lotions are effective in managing conditions like eczema and psoriasis, providing relief from itching and promoting skin healing.",,,,,,,,,,,,,,,,,,,,,,,,,,
Oral Health,"Oral health refers to the overall health and well-being of the mouth, including the teeth, gums, tongue, and other structures within the oral cavity. Neem's natural antibacterial properties make it a valuable ingredient in oral care products. Neem-based toothpaste or mouthwash can help combat gum diseases like gingivitis by reducing plaque and bacteria. Its anti-inflammatory qualities can also alleviate gum inflammation and bad breath, contributing to overall dental hygiene.",,,,,,,,,,,,,,,,,,,,,,,,,,
Hair Care,"Hair care is the practice of maintaining and improving the health and appearance of your hair. Neem oil is a versatile remedy for maintaining healthy hair and scalp. Rich in fatty acids and vitamins, it can help treat dandruff by moisturizing the scalp and reducing flakiness. Neem oil is also known to promote hair growth and strengthen hair follicles. Incorporating neem oil into your hair care routine, either as a hair mask or by adding it to your shampoo, can result in shinier, healthier locks.",,,,,,,,,,,,,,,,,,,,,,,,,,
Ashwagandha,"Ashwagandha (Withania somnifera), commonly known as ""Indian ginseng"" or ""winter cherry,"" is a revered herb in Ayurvedic medicine. This adaptogenic herb is celebrated for its ability to combat stress and anxiety by regulating the body's response to stressors. Ashwagandha has been used for centuries to boost energy levels, enhance mental clarity, and improve overall vitality. It also plays a crucial role in supporting the immune system and promoting a sense of calm and relaxation. With its wide range of health benefits, Ashwagandha is a valuable herbal remedy for those seeking to balance their physical, mental, and emotional well-being.",,,,,,,,,,,,,,,,,,,,,,,,,,
Stress,"Stress refers to the body's natural response to external pressures or demands, often referred to as stressorsAshwagandha is an adaptogenic herb known for its ability to reduce stress and anxiety. It helps the body adapt to stressors by regulating the stress response and cortisol levels. Consuming Ashwagandha supplements or herbal preparations can promote a sense of calm and relaxation, making it an excellent natural remedy for stress-related issues.",,,,,,,,,,,,,,,,,,,,,,,,,,
Improved Energy and Stamina,Ashwagandha can enhance energy levels and physical stamina. It supports overall vitality by increasing the body's resilience to fatigue. Athletes and individuals looking to boost their endurance often use Ashwagandha to improve performance during physical activities.,,,,,,,,,,,,,,,,,,,,,,,,,,
Hormone Balance:,"Ashwagandha can help balance hormones, particularly in women. It may regulate menstrual cycles, alleviate symptoms of premenstrual syndrome (PMS), and ease menopausal discomfort. Ashwagandha's adaptogenic properties support the endocrine system, contributing to hormonal equilibrium.",,,,,,,,,,,,,,,,,,,,,,,,,,
Immune,"Ashwagandha has immune-boosting properties. It helps strengthen the immune system, making the body more resistant to infections and illnesses. Incorporating Ashwagandha into your daily routine, such as through supplements or herbal teas, can provide adThe immune system is a complex network of cells, tissues, and organs in the body that work together to defend against harmful pathogens, such as bacteria, viruses, fungi, and parasites, as well as other foreign substances. ditional protection against common colds and other immune-related issues.",,,,,,,,,,,,,,,,,,,,,,,,,,
Muscle Strength and Recovery,Athletes and fitness enthusiasts often use Ashwagandha to improve muscle strength and recovery. It may help build lean muscle mass and reduce muscle soreness after intense workouts. Ashwagandha's adaptogenic nature contributes to physical resilience and recovery.,,,,,,,,,,,,,,,,,,,,,,,,,,
kapha,"For kapha body type of people , some of the foods that are listed out based on consuming level and to avoid level Governed by water and earth elements, Kapha manages stability, growth, and lubrication. People with a predominant Kapha constitution tend to be calm, loving, and may experience weight gain when out of balance.",,,,,,,,,,,,,,,,,,,,,,,,,,
Foods that is good for kabha prakriti,"1)Fruits :Sweet fruits like melons, pears, apples, grapes, and coconut are cooling and can help balance Pitta.
2)Leafy greens :Leafy vegetables like spinach, kale, and lettuce are good choices. They have a bitter taste and are cooling.
3)Sweety vegetables:Sweet vegetables such as cucumbers, zucchini, and sweet potatoes are soothing for Pitta.
4)Dairy:Milk, ghee (clarified butter), and unsweetened yogurt (in moderation) are cooling and nourishing.
5)Grains:Basmati rice, barley, and oats are suitable for Pitta types. They are not overly heating.
6)Herbs and Spices:Use cooling herbs and spices like coriander, cardamom, mint, and fennel in your cooking.
7)oils:Use cooling oils like coconut oil or sunflower oil in moderation for cooking.",,,,,,,,,,,,,,,,,,,,,,,,,,
fruits ,"Sweet fruits like melons, pears, apples, grapes, and coconut are cooling and can help balance Pitta.",,,,,,,,,,,,,,,,,,,,,,,,,,
leafy greens ,"Leafy vegetables like spinach, kale, and lettuce are good choices. They have a bitter taste and are cooling.",,,,,,,,,,,Type of disease ,vata,pitta,kapha,,,,,,,,,,,,
sweety vegetables ,"Sweet vegetables such as cucumbers, zucchini, and sweet potatoes are soothing for Pitta.",,,,,,,,,,,High Blood pressure(Hypertension),,,,,,,,,,,,,,,
Dairy,"Milk, ghee (clarified butter), and unsweetened yogurt (in moderation) are cooling and nourishing.",,,,,,,,,,,Low blood Presssure,,,,,,,,,,,,,,,
Grains,"Basmati rice, barley, and oats are suitable for Pitta types. They are not overly heating.",,,,,,,,,,,Alzheimer's Disease,,,,,,,,,,,,,,,
Herbs and Spices,"Use cooling herbs and spices like coriander, cardamom, mint, and fennel in your cooking.",,,,,,,,,,,Low Sugar Level,,,,,,,,,,,,,,,
oils,Use cooling oils like coconut oil or sunflower oil in moderation for cooking.,,,,,,,,,,,Low heamoglobin count,,,,,,,,,,,,,,,
foods to avoid for kapha,"1.spicy foods: Avoid or minimize very spicy, hot, and pungent foods.                                                                                                 2.sour foods:  Reduce or eliminate sour foods like citrus fruits, vinegar, and fermented foods.                                                                 3. Red Meats:  Pitta individuals are advised to limit their consumption of red meat, especially when it's heavily spiced.           4.processed food: Avoid highly processed, packaged, and fried foods, which tend to be heating.                                                              5. Alchol: These substances can increase Pitta, so they should be consumed in moderation.                                                                6.Salty foods: Excessive salt can aggravate Pitta; try to reduce salt intake.                                                                                      7.Garlic and Onion: These pungent foods can be too heating for Pitta types.                                                                                       8.Hot Drinks:  Opt for room temperature or cool drinks rather than very hot ones.                                                                             9.Sour diary :  Avoid sour or fermented dairy products like sour cream and buttermilk.                                                                 10.Mustard and Chill Pepper:  These spices are particularly heating and should be used sparingly.",,,,,,,,,,,Diabetes type1,,,,,,,,,,,,,,,
spicy,"Avoid or minimize very spicy, hot, and pungent foods. for better life.",,,,,,,,,,,Chronic Obstructive Pulmonary Disease (COPD),,,,,,,,,,,,,,,
sour,"Reduce or eliminate sour foods like citrus fruits, vinegar, and fermented foods. To play healthy life.",,,,,,,,,,,Osteoarthritis,,,,,,,,,,,,,,,
Red Meats,"Pitta individuals are advised to limit their consumption of red meat, especially when it's heavily spiced. Reduce these food for healthy life",,,,,,,,,,,Arthertis,,,,,,,,,,,,,,,
processed,"Avoid highly processed, packaged, and fried foods, which tend to be heating. To live better",,,,,,,,,,,Asthma,,,,,,,,,,,,,,,
Alcohol  ,"These substances can increase Pitta, so they should be consumed in moderation. for your life",,,,,,,,,,,Stroke,,,,,,,,,,,,,,,
Salty,Excessive salt can aggravate Pitta; try to reduce salt intake. Better life.,,,,,,,,,,,Chronic Kidney Disease (CKD):,,,,,,,,,,,,,,,
Garlic and onion,These pungent foods can be too heating for Pitta types. ,,,,,,,,,,,Anxiety Disorders,,,,,,,,,,,,,,,
Hot Drinks ,Opt for room temperature or cool drinks rather than very hot ones.,,,,,,,,,,,,,,,,,,,,,,,,,,
Sour dairy,Avoid sour or fermented dairy products like sour cream and buttermilk.,,,,,,,,,,,,,,,,,,,,,,,,,,
Mustard and Chill Pepper,These spices are particularly heating and should be used sparingly.,,,,,,,,,,,,,,,,,,,,,,,,,,
VATTA,"Vata is associated with the elements of air and ether (space).
It governs functions related to movement, such as circulation, breathing, and the nervous system.
Individuals with a dominant Vata constitution tend to be creative, enthusiastic, and quick-thinking when in balance.
When Vata is imbalanced, it can lead to issues like anxiety, insomnia, and digestive problems",,,,,,,,,,,,,,,,,,,,,,,,,,
List of vatta foods,"1.Fruits: sweet and ripe fruits like bananas, oranges, and avocados. They provide natural sugars and moisture. 2. Vegetables: Choose cooked, moist, and grounding vegetables such as sweet potatoes, carrots, zucchini, and beets. Mung beans, lentils, and tofu are good sources of protein for Vata types. Cook them well to enhance digestibility. 3. Seeds and Nuts: Consume small quantities of soaked and blanched almonds, sunflower seeds, and pumpkin seeds. 4.leafy greens :  cabbage,spinach,Kale 5.medicinal plants:   Ashwagandha,Shatavari,ginger,turmeric,cinnamon. 6. Diary:  Warm, whole milk, and dairy products like yogurt and paneer can be beneficial. However, some Vata types may be lactose intolerant, so dairy should be tolerated well.",,,,,,,,,,,,,,,,,,,,,,,,,,
fruits :,"sweet and ripe fruits like bananas, oranges, and avocados. They provide natural sugars and moisture.",,,,,,,,,,,,,,,,,,,,,,,,,,
VEGETABLES,"Choose cooked, moist, and grounding vegetables such as sweet potatoes, carrots, zucchini, and beets. Mung beans, lentils, and tofu are good sources of protein for Vata types. Cook them well to enhance digestibility.",,,,,,,,,,,,,,,,,,,,,,,,,,
"Seeds,Nuts","Consume small quantities of soaked and blanched almonds, sunflower seeds, and pumpkin seeds.",,,,,,,,,,,,,,,,,,,,,,,,,,
leafy greens ,"cabbage,spinach,Kale",,,,,,,,,,,,,,,,,,,,,,,,,,
medicinal Plants,"Ashwagandha,Shatavari,ginger,turmeric,cinnamon",,,,,,,,,,,,,,,,,,,,,,,,,,
Dairy,"Warm, whole milk, and dairy products like yogurt and paneer can be beneficial. However, some Vata types may be lactose intolerant, so dairy should be tolerated well.",,,,,,,,,,,,,,,,,,,,,,,,,,
Grains,"Cooked grains like rice, oats, and quinoa.",,,,,,,,,,,,,,,,,,,,,,,,,,
Herbs and Spices,"Warm herbal teas, like ginger or cinnamon,warming spices like ginger,  cardamom, and cumin to aid digestion.",,,,,,,,,,,,,,,,,,,,,,,,,,
oils,"Ghee (clarified butter), sesame oil, and olive oil in moderation can help combat Vata's dryness.",,,,,,,,,,,,,,,,,,,,,,,,,,
FOODS TO BE AVOIDED For Vatta,"1.Excessive Caffine :Excessive use of stimulants like caffeine. Extremely pungent or spicy herbs
2.Cold and Raw foods :Minimize the intake of cold salads, raw vegetables, and chilled beverages as they exacerbate Vata's cold quality.
3.Dry and Astringent Foods:Reduce or avoid foods like popcorn and excessive dried fruits, which increase dryness.
4.Carbonated Drinks:Reduce or avoid foods like popcorn and excessive dried fruits, which increase dryness.
5.Large beans: Refrain from consuming large, gas-producing beans like black beans and kidney beans
5)Processed and Junk:High-sugar, high-salt, and highly processed foods should be avoided
6)Excessive Bitter or Astringent:Foods with these tastes, like bitter gourd or pomegranates, can increase Vata's dryness.
7)Red Meats:Red meat, such as beef and lamb, should be consumed in moderation due to its heaviness and potential to aggravate Vata if consumed in excess. When eating red meat, choose lean cuts and cook them thoroughly
8)Spicy and hot preparations: Avoid meat dishes that are overly spicy or cooked with excessive hot spices, as they can disturb Vata's balance.
9)Processed,raw and cold Meats:Processed meats like sausages, bacon, and deli meats are often high in salt and preservatives. They should be avoided or consumed very sparingly.
Cold cuts and raw meats should be avoided as they can exacerbate Vata's cold and light qualities and be challenging for digestion.""",,,,,,,,,,,,,,,,,,,,,,,,,,
Excessive Caffine,Excessive use of stimulants like caffeine. Extremely pungent or spicy herbs,,,,,,,,,,,,,,,,,,,,,,,,,,
Cold and Raw,"Minimize the intake of cold salads, raw vegetables, and chilled beverages as they exacerbate Vata's cold quality.",,,,,,,,,,,,,,,,,,,,,,,,,,
Dry and Astringent,"Reduce or avoid foods like popcorn and excessive dried fruits, which increase dryness.",,,,,,,,,,,,,,,,,,,,,,,,,,
Carbonated Drinks,These can cause bloating and discomfort,,,,,,,,,,,,,,,,,,,,,,,,,,
Large beans,"Refrain from consuming large, gas-producing beans like black beans and kidney beans",,,,,,,,,,,,,,,,,,,,,,,,,,
Processed and Junk,"High-sugar, high-salt, and highly processed foods should be avoided",,,,,,,,,,,,,,,,,,,,,,,,,,
Excessive Bitter or Astringent,"Foods with these tastes, like bitter gourd or pomegranates, can increase Vata's dryness.",,,,,,,,,,,,,,,,,,,,,,,,,,
Red Meats,"Red meat, such as beef and lamb, should be consumed in moderation due to its heaviness and potential to aggravate Vata if consumed in excess. When eating red meat, choose lean cuts and cook them thoroughly",,,,,,,,,,,,,,,,,,,,,,,,,,
Spicy and hot preparations," Avoid meat dishes that are overly spicy or cooked with excessive hot spices, as they can disturb Vata's balance.",,,,,,,,,,,,,,,,,,,,,,,,,,
"Processed,raw and cold Meats","Processed meats like sausages, bacon, and deli meats are often high in salt and preservatives. They should be avoided or consumed very sparingly.
Cold cuts and raw meats should be avoided as they can exacerbate Vata's cold and light qualities and be challenging for digestion.",,,,,,,,,,,,,,,,,,,,,,,,,,
High blood pressure,"1)Cooked Leafy Greens: Leafy greens like spinach, kale, and collard greens are rich in potassium, which can help regulate blood pressure.  2)Whole Grains: Opt for whole grains like brown rice, quinoa, and oats. These grains are high in fiber and can support heart health.
3)Legumes: Lentils, mung beans, and black beans are excellent sources of plant-based protein and fiber.
4)Healthy Fats: Include small amounts of healthy fats such as avocado, nuts (in moderation), and olive oil. 
5)Fruits:Bananas,apples,pears,Berries such as Blueberries, strawberries, and raspberries are packed with antioxidants and can be a part of a heart-healthy diet.
6)Root Vegetables: Sweet potatoes, carrots, and beets are grounding and nourishing for Vata individuals. They can be roasted, steamed, or included in soups.
7)Warm Spices: Incorporate warming spices like ginger, turmeric, and black pepper into your meals. These spices can help improve circulation and digestion.
8)Herbal Teas: Enjoy herbal teas such as hibiscus tea and hawthorn tea, which have been linked to lower blood pressure.
9)Lean Proteins: If you include animal proteins in your diet, opt for lean choices like skinless poultry and fish (e.g., salmon, trout) prepared with mild seasonings.",,,,,,,,,,,,,,,,,,,,,,,,,,
low blood pressure,"1)Increase Salt Intake: Consuming more salt can help raise your blood pressure. However, this should be done in moderation and under the guidance of a healthcare professional, especially if you have other health conditions like hypertension or kidney problems.

2)Stay Hydrated: Dehydration can exacerbate low blood pressure. Make sure you're drinking enough water throughout the day.

3)Caffeine: Caffeine can temporarily raise blood pressure, so consider drinking a cup of coffee or tea if you experience symptoms of low blood pressure. However, excessive caffeine consumption can lead to dehydration, so be cautious.

4)Fluid and Electrolyte Balance: Consuming fluids with electrolytes, such as sports drinks, can help maintain the balance of salts and fluids in your body.",,,,,,,,,,,,,,,,,,,,,,,,,,
diabetes,"1)Non-Starchy Vegetables: These are low in carbohydrates and calories while high in fiber and essential nutrients. Examples include broccoli, spinach, kale, peppers, cauliflower, and zucchini.

2)Whole Grains: Choose whole grains over refined grains, as they contain more fiber and nutrients. Options include whole wheat, brown rice, quinoa, oats, and barley.

3)Lean Proteins: Incorporate lean protein sources to help with blood sugar control and satiety. Examples include skinless poultry, lean cuts of beef or pork, tofu, legumes                                                                                                                                                                              4)Fruit: Berries, apples, and citrus fruits are good choices.                                                                                                                                  5)Herbs and Spices: Flavor your meals with herbs and spices like cinnamon, turmeric, and garlic, which may have blood sugar-lowering properties.

6)Water: Staying hydrated is essential for managing blood sugar levels",,,,,,,,,,,,,,,,,,,,,,,,,,
low sugar level,"
1.Fruit juice (e.g., orange juice, apple juice,coconut water)
2.Regular soda (not diet)
3.Honey
4.Hard candies (e.g., peppermints or lifesavers)
5.Whole-grain bread or crackers
6.Oatmeal
7.Brown rice
8.Whole-grain pasta
9.Whole fruits (e.g., bananas, apples, berries)                                                                                                                                               10.Vegetables: Non-starchy vegetables like carrots, celery, cucumber, and bell peppers ",,,,,,,,,,,,,,,,,,,,,,,,,,
avoided by high blood pressure,"1.Salt                                                                                                                                                                                                                                                                                                                                                              2.Canned Pickled food                                                                                                                                                                                                                                                                                                                                              3.Processed Meats: Bacon, sausage, ham, and deli meats are often high in sodium                                                                                                                                                                                                                                      4.Caffiene                                                                                                                                                                                                                                                                                                                                                                              5.Alcohol                                                                                                                                                                                                                                                                                                                                                                                      6.Full-Fat Dairy: High-fat dairy products like whole milk, full-fat cheese, and cream                                                                                                                                                                                                                   7.Excessive Processed Snacks: Snack foods like chips, pretzels, and crackers",,                                         ,,,,,,,,,,,,,,,,,,,,,,,,
avoided by low blood pressure,"1.Caffeine: While moderate caffeine intake can sometimes raise blood pressure, it may also temporarily increase alertness and blood pressure in individuals with low blood pressure.                                                                                                                                                          2.Alcohol                                                                                                                                                                                                                           3.Low-Fiber Diet: A diet low in fiber may lead to digestive issues like constipation, which can be problematic for individuals with low blood pressure. ",,,,,,,,,,,,,,,,,,,,,,,,,,
"Digestive Disorders (e.g., Indigestion)","Digestive disorders encompass a variety of conditions affecting the digestive system, including issues like GERD, IBS, and gallstones, leading to symptoms such as abdominal pain, heartburn, and irregular bowel habits. Treatment varies depending on the specific disorder and may involve dietary changes, medication, or surgery.Foods To be taken for Digestive disorders: Cooked vegetables like carrots, squash, and zucchini; ginger; cumin; fennel; rice; buttermilk; and herbal teas like chamomile and peppermint.",,,,,,,,,,,,,,,,,,,,,,,,,,
Arthritis and Joint Pain,"Arthritis is a group of conditions causing inflammation in the joints, resulting in joint pain, stiffness, and reduced mobility. Treatment includes medication, physical therapy, and lifestyle changes to manage symptoms and improve joint function.Foods to be taken for Jointpain and Arthritis : Turmeric; ginger; garlic; bitter gourd; fenugreek; sesame seeds; and foods rich in omega-3 fatty acids like flaxseeds and fatty fish.",,,,,,,,,,,,,,,,,,,,,,,,,,
Diabetes:,"Diabetes is a chronic metabolic disorder characterized by elevated blood sugar levels due to either insufficient insulin production (Type 1) or ineffective insulin use (Type 2), often requiring medication, lifestyle changes, and monitoring to manage.Foods to be taken for Diabetes: Bitter melon; fenugreek; cinnamon; Indian gooseberry (amla); and whole grains like barley and oats.",,,,,,,,,,,,,,,,,,,,,,,,,,
"Respiratory Disorders (e.g., Asthma)","Asthma is a chronic respiratory condition marked by airway inflammation and narrowing, leading to recurrent episodes of wheezing, breathlessness, and coughing, typically managed with medications and avoidance of triggers.Foods to be maintain for Asthma: Honey; turmeric; black pepper; ginger; garlic; tulsi (holy basil) leaves; and warm soups",,,,,,,,,,,,,,,,,,,,,,,,,,
Hypertension,"In medical terms, pressure refers to the force exerted on an area or surface, often measured in millimeters of mercury (mmHg), and is crucial in contexts like blood pressure, intracranial pressure, and ventilation. Abnormal pressure levels can indicate health issues and require monitoring and intervention.Foods to be taken for Pressure: Garlic; onion; celery; Indian gooseberry (amla); watermelon; and foods high in potassium like bananas and leafy greens.",,,,,,,,,,,,,,,,,,,,,,,,,,
Skin Disorders ,"Skin disorders encompass a range of conditions affecting the skin's appearance and function, such as eczema, psoriasis, acne, and dermatitis, often requiring treatment with topical creams, medications, or lifestyle adjustments.
Foods to be taken for Skin Disorders : Aloe vera; neem; turmeric; coconut oil; and a diet rich in fresh fruits and vegetables.",,,,,,,,,,,,,,,,,,,,,,,,,,
Stress and Anxiety:,"Stress: Stress is a natural response to challenging situations, causing physiological changes in the body to prepare for a perceived threat.

Anxiety: Anxiety is a prolonged state of excessive worry and unease, often accompanied by physical symptoms, and can be a result of stress or a separate mental health condition.Foods to maintain Stress anf Anxiety: Ashwagandha; brahmi (gotu kola); almond; saffron; and herbal teas like chamomile and ashwagandha.",,,,,,,,,,,,,,,,,,,,,,,,,,
Weight Management:,"Weight management involves maintaining a healthy body weight through diet, exercise, and lifestyle choices to promote well-being and prevent health issues related to weight. It focuses on achieving a sustainable balance between calorie intake and expenditure.Foods to maintain weight: Triphala (an herbal mixture); barley; green leafy vegetables; and foods rich in fiber like flaxseeds.",,,,,,,,,,,,,,,,,,,,,,,,,,
"Liver Disorders (e.g., Fatty Liver):","Liver disorders are a group of medical conditions affecting the liver's structure or function, often leading to symptoms like jaundice, abdominal pain, and fatigue. These disorders can range from mild and manageable conditions to severe diseases like cirrhosis or hepatitis.Foods to be taken for Liver disorders: Bitter vegetables like bitter gourd; turmeric; amla; and dandelion root",,,,,,,,,,,,,,,,,,,,,,,,,,
Heart Health:,"Heart health refers to the state of your heart and circulatory system, influenced by lifestyle choices and habits, which can impact the risk of cardiovascular diseases like heart attacks and strokes. Promoting heart health involves maintaining a healthy diet, regular exercise, and avoiding harmful behaviors.Foods to be consume for Hearthealth: Garlic; ginger; flaxseeds; fenugreek; and a diet low in saturated fats and high in fruits, vegetables, and whole grains.",,,,,,,,,,,,,,,,,,,,,,,,,,
Cholesterol Management:,"Cholesterol management involves monitoring and controlling blood cholesterol levels through dietary choices, exercise, and, if necessary, medication to reduce the risk of cardiovascular disease. This typically includes lowering ""bad"" LDL cholesterol and raising ""good"" HDL cholesterol levelRemedial Foods to maintain Cholestrol management: Oats, beans, nuts (e.g., almonds, walnuts), olive oil, and fatty fish (e.g., salmon, mackerel).",,,,,,,,,,,,,,,,,,,,,,,,,,
Cancer Prevention:,"Cancer is a group of diseases characterized by the uncontrolled growth and spread of abnormal cells in the body.Remedial Foods for Cancer prevention: Cruciferous vegetables (e.g., broccoli, cauliflower), turmeric, green tea, tomatoes, and berries.",,,,,,,,,,,,,,,,,,,,,,,,,,
Osteoporosis (Bone Health):,"Osteoporosis is a medical condition characterized by weakened and brittle bones, increasing the risk of fracturesRemedial Foods for Osteoporosis: Dairy products (for calcium), leafy greens (e.g., kale, spinach), almonds, and fortified foods.",,,,,,,,,,,,,,,,,,,,,,,,,,
Anemia:,"Anemia is a medical condition characterized by a deficiency of red blood cells or a decrease in their ability to carry oxygen, leading to fatigue and weakness.Remedial Foods for Anemia: Spinach, lentils, red meat (in moderation), fortified cereals, and dried fruits (e.g., apricots).",,,,,,,,,,,,,,,,,,,,,,,,,,
Migraines:,"Migraines are a type of recurring headache disorder characterized by severe, pulsating or throbbing headaches, often accompanied by other symptoms such as nausea, vomiting, and sensitivity to light, sound, and smells. Remedial Foods for migraines: Ginger, magnesium-rich foods (e.g., nuts, seeds), and avoiding trigger foods like aged cheese and processed meats.",,,,,,,,,,,,,,,,,,,,,,,,,,
Kidney Stones:,"Kidney stones are solid crystalline mineral formations that develop in the kidneys and can lead to intense pain and urinary problems.Remedial Foods for Kidney Stones: Watermelon, celery, pomegranate, and foods rich in citric acid like lemons and oranges.",,,,,,,,,,,,,,,,,,,,,,,,,,
Urinary Tract Infections (UTIs),"A urinary tract infection (UTI) is a bacterial infection that affects any part of the urinary system, including the bladder, urethra, and kidneys, leading to symptoms like pain, frequent urination, and discomfort.Remedial  Foods for Urinary Tract infections:  Cranberry juice, yogurt (with probiotics), garlic, and blueberries.",,,,,,,,,,,,,,,,,,,,,,,,,,
Gout:,"Gout is a painful and potentially debilitating form of arthritis that results from the buildup of uric acid crystals in the joints.Remedial Foods Gout: Cherries, pineapple, turmeric, ginger, and a diet low in purine-rich foods (e.g., organ meats, anchovies).",,,,,,,,,,,,,,,,,,,,,,,,,,
Constipation:,"Constipation is a common digestive problem characterized by infrequent bowel movements or difficulty passing stool. Remedial Foods for Constipation: Prunes, figs, flaxseeds, psyllium husk, and plenty of water.",,,,,,,,,,,,,,,,,,,,,,,,,,
Insomnia:,"Insomnia is a sleep disorder characterized by difficulty falling asleep, staying asleep, or experiencing non-restorative sleep, even when a person has the opportunity to get a full night's sleepRemedial Foods Insomania: Chamomile tea, warm milk, almonds, and foods rich in magnesium (e.g., spinach, nuts).",,,,,,,,,,,,,,,,,,,,,,,,,,
Allergies (Seasonal):,"Allergies are an overreaction of the immune system to substances that are typically harmless to most peopleRemedial Foods for Allergies: Local honey, quercetin-rich foods (e.g., apples, onions), and foods high in vitamin C (e.g., citrus fruits).",,,,,,,,,,,,,,,,,,,,,,,,,,
Menstrual Cramps:,"Menstrual cramps, also known as dysmenorrhea, are painful sensations that occur in the lower abdomen and pelvis during menstruation. Remedial Foods for Menstrual Cramps: Ginger tea, turmeric, bananas, and dark chocolate (in moderation).",,,,,,,,,,,,,,,,,,,,,,,,,,
Rheumatoid Arthritis:,"Rheumatoid arthritis (RA) is a chronic autoimmune disease that primarily affects the joints but can also impact other parts of the body.Remedial Foods for Rheumatoid Arthritis: Omega-3 fatty acids (fatty fish, flaxseeds), ginger, green tea, and nuts (e.g., walnuts, almonds).",,,,,,,,,,,,,,,,,,,,,,,,,,
Depression:,"Depression is a common mental health disorder characterized by persistent feelings of sadness, hopelessness, and a lack of interest or pleasure in activities. Remedial Foods for Depression: Fatty fish (rich in omega-3s), whole grains, leafy greens, and foods rich in tryptophan (e.g., turkey, nuts).",,,,,,,,,,,,,,,,,,,,,,,,,,
Irritable Bowel Syndrome ,"Irritable Bowel Syndrome (IBS) is a common gastrointestinal disorder that affects the large intestine (colon) and can cause a variety of digestive symptomsRemedial Foods for Irritable Bowel Syndrome: Peppermint tea, oats, probiotic-rich foods (e.g., yogurt), and soluble fiber foods.",,,,,,,,,,,,,,,,,,,,,,,,,,
Elevated Triglycerides:,"Elevated triglycerides, known as hypertriglyceridemia, is a condition characterized by high levels of triglycerides in the bloodstream. Remedial Foods for Elevated Triglycerides: Fatty fish (e.g., salmon, mackerel), olive oil, avocados, and nuts (e.g., almonds, walnuts).",,,,,,,,,,,,,,,,,,,,,,,,,,
Thyroid Disorders:,"Thyroid is a small, butterfly-shaped gland located in the front of the neck, just below the Adam's apple Remedial Foods Thyroid Disorders: Seaweed (for iodine), Brazil nuts (for selenium), and foods rich in vitamin D (e.g., fatty fish, fortified dairy).",,,,,,,,,,,,,,,,,,,,,,,,,,
Hemorrhoids:,"Hemorrhoids, often referred to as ""piles,"" are swollen and inflamed veins in the rectum and anus. Remedial Foods for Hemorrhoids: High-fiber foods (e.g., whole grains, legumes), prunes, and plenty of water.",,,,,,,,,,,,,,,,,,,,,,,,,,
Ovarian Cysts:,"Ovarian cysts are fluid-filled sacs that develop on or within the ovaries, which are the reproductive organs in women responsible for producing eggs and hormones. Remedial Foods for Ovarian Cysts:  Turmeric, ginger, flaxseeds, and foods rich in antioxidants (e.g., berries).",,,,,,,,,,,,,,,,,,,,,,,,,,
Aphrodisiac Foods ,"Aphrodisiacs are substances or activities believed to increase sexual desire, arousal, or pleasure.Remedial Foods Aphrodisiac Foods : Oysters, dark chocolate, ginseng, and foods rich in zinc (e.g., pumpkin seeds).",,,,,,,,,,,,,,,,,,,,,,,,,,
Common Cold ,"The common cold is a viral infection of the upper respiratory tract, primarily caused by rhinoviruses, though other viruses such as coronaviruses and adenoviruses can also be responsibleFoods for Common cold: Vitamin C-rich foods (e.g., citrus fruits, bell peppers), garlic, ginger, and honey (as a soothing remedy).",,,,,,,,,,,,,,,,,,,,,,,,,,
Influenza ,"Influenza, commonly known as the flu, is a contagious respiratory illness caused by influenza viruses. Foods for Influenza: Vitamin D-rich foods (e.g., fatty fish, fortified dairy), zinc (found in lean meats, nuts, and seeds), and hot soups (as a comfort remedy).",,,,,,,,,,,,,,,,,,,,,,,,,,
COVID,"COVID-19, short for ""Coronavirus Disease 2019,"" is an infectious disease caused by a novel coronavirus called SARS-CoV-2.There is no specific food or nutrient that can cure COVID-19. However, maintaining overall health with a balanced diet rich in vitamins and minerals is important for immune support. Hydration and proper nutrition are crucial during illness.",,,,,,,,,,,,,,,,,,,,,,,,,,
Hepatitis ,"Hepatitis refers to inflammation of the liver, which can be caused by various factors, including infections, toxins, and autoimmune reactions. Foods for Hepatitis: Antioxidant-rich foods like berries, green tea, and cruciferous vegetables may support liver health. Consult a healthcare professional for specific dietary recommendations for hepatitis.",,,,,,,,,,,,,,,,,,,,,,,,,,
Herpes ,"Herpes is a common viral infection caused by the herpes simplex virus (HSV). Foods for Herpes: Lysine-rich foods (e.g., dairy, legumes, fish) may help reduce the frequency and severity of herpes outbreaks. Avoiding arginine-rich foods (e.g., nuts, chocolate) during outbreaks is also recommended.",,,,,,,,,,,,,,,,,,,,,,,,,,
"HIV ,Human Immunodeficiency Virus","HIV, which stands for Human Immunodeficiency Virus, is a virus that attacks the immune system, specifically targeting the body's CD4 cells (T cells), which play a crucial role in fighting off infections. Foods for HIV: A well-balanced diet is crucial for those living with HIV to support the immune system. Nutrient-dense foods such as fruits, vegetables, whole grains, lean proteins, and healthy fats are essential.",,,,,,,,,,,,,,,,,,,,,,,,,,
Ebola Virus:,"Ebola virus is a highly contagious and often deadly virus that causes Ebola virus disease (EVD), also known as Ebola hemorrhagic fever (EHF). There are no specific foods or nutrients that can cure Ebola. Hydration and supportive care in a medical setting are the primary treatments for Ebola infection",,,,,,,,,,,,,,,,,,,,,,,,,,
Zika Virus:,"

Zika virus is a mosquito-borne virus primarily transmitted to humans through the bite of infected Aedes mosquitoes, primarily Aedes aegypti and Aedes albopictus.Prevention is key for Zika virus, as there is no specific treatment. This includes avoiding mosquito bites through the use of repellents and protective clothing.",,,,,,,,,,,,,,,,,,,,,,,,,,
Dengue Virus,"Dengue virus is a mosquito-borne virus that can cause a range of symptoms, from mild flu-like symptoms to a severe and potentially life-threatening condition known as dengue hemorrhagic fever (DHF) or dengue shock syndrome (DSS).  Prevention is crucial for dengue virus, as there is no specific antiviral treatment. Maintaining hydration with fluids and electrolytes is essential.",,,,,,,,,,,,,,,,,,,,,,,,,,
Norovirus ,"Norovirus, often referred to as the ""stomach bug"" or ""winter vomiting bug,"" is a highly contagious virus that causes gastroenteritis, which is the inflammation of the stomach and intestines. Foods for NoroVirus: Bland, easily digestible foods like rice, bananas, applesauce, and toast (BRAT diet) can help manage symptoms of gastroenteritis caused by norovirus.",,,,,,,,,,,,,,,,,,,,,,,,,,
Influenza (Flu):,"1.Fever or feeling feverish/chills,. 2.cough. 3.sore throat,Runny or stuffy nose, 4.Muscle or body aches, 5.Fatigue, 6.Headaches, 7.Vomiting and 8.diarrhea(more common in children)",,,,,,,,,,,,,,,,,,,,,,,,,,
covid,Symptoms1.Cough 2.Shortness of breath or difficulty breathing 3. Fatigue 4. Muscle or body aches 5. Headache 6. New loss of taste or smell 7.Sore threat 8.Congestion 9.Nausea or Vomiting 10. Diarrhea,,,,,,,,,,,,,,,,,,,,,,,,,,
Common Cold symptoms,"1.Runny or stuffy nose, 2. Sore throat, 3.Sneezing, 4.Cough, 5.Watery eyes, 6.Mild headache and 7.Fatigue ",,,,,,,,,,,,,,,,,,,,,,,,,,
Herpes (Herpes Simplex Virus):,"1.Painful sores or blisters in or around the mouth (oral herpes) or genital area (genital herpes), 2.Fever and body aches(during initial outbreak), 3.Itching and body aches",,,,,,,,,,,,,,,,,,,,,,,,,,
HIV (Human Immunodeficiency Virus):,"1.Early infection may cause flu-like symptoms, including fever, fatigue, and swollen lymph nodes, 2.Later stages of HIV can lead  to a weakened immune system, resulting in opportunistic infections and various symptoms",,,,,,,,,,,,,,,,,,,,,,,,,,
Ebola Virus,"1.Sudden fever, 2.Muscle pain, 3.Weakness, 4.Diarrhea, 5.Vomitting, 6.Abdominal pain, 7.Unexpected bleeding or bruising",,,,,,,,,,,,,,,,,,,,,,,,,,
Dengue Virus:,Sudden high fever - Severe headaches - Joint and muscle pain - Rash - Bleeding from the nose or gums,,,,,,,,,,,,,,,,,,,,,,,,,,
Heart Attack,"1.Chest Pain or Discomfort: This is often described as a tightness, pressure, squeezing, or burning sensation in the chest. It can last for several minutes or come and go. 2.Pain or Discomfort in other Areas of the upper Body: Besides the chest, pain or discomfort can radiate to the arms(usually the left arm but affect the both), back, neck, jaw or stomach. 3.Cold Sweats,:Profuse sweating, often accompained by a feeling of impending doom. 4.issues. 5.Dizziness or Lightheadedness: Feeling dizzy or lightheaded, potentially leading to fainting. 6.Fatigue: Unexplained and extreme tierdness, even with rest. 7.Feeling extremely anxious, restless, or a sense of impending doom.",,,,,,,,,,,,,,,,,,,,,,,,,,
Allergies,"1.Sneezing, 2.Itchy or Watery eyes, 3.Skin rashes or hives, 4.Shortness of brathe (in severe cases)",,,,,,,,,,,,,,,,,,,,,,,,,,
Anxiety Disorders,"1.Excessive worry or fear, 2.restlessness, 3.Rapid heart rate(papilations), 4.Sweating, 5.Trembling or Shaking, 6.Muscle tension, 7.Difficulty concentrating",,,,,,,,,,,,,,,,,,,,,,,,,,
Depression,"1.Persistent low mood or sadness, 2.Fatigue, 3.Changes in appetite or weight, 4.Sleep disturbances(insomnia or excessive sleep), 5.Feeling of worthlessness or guilt, 6.Difficulty concentarating or making decisions",,,,,,,,,,,,,,,,,,,,,,,,,,
Alzheimer's Disease,"1.Memory loss, especially recent events, 2.Confusion, 3.Difficulty with language and communication, 4.Impared judgement, 5.Personality changes, 6.Disorientation in time and place",,,,,,,,,,,,,,,,,,,,,,,,,,
Parkinson's Disease,"1.Tremors (shaking), 2.Bradykinesia(slowness of movement), 3.Postural instability(balance problems), 4.Changes in Handwritting(micrographia), 5.Muscle stiffness",,,,,,,,,,,,,,,,,,,,,,,,,,
Multiple Sclerosis (MS),"1.Fatigue, 2.Muscle waekness, 3.Difficulty with coordination and balance, 4.Vision problems, 5.Problems with speech and swallowing, 6.Numbness or tingling in limbs",,,,,,,,,,,,,,,,,,,,,,,,,,
Epilepsy,"1.Stiff muscle, 2.Starting spell, 3.Loss of consciousness, 4.Fear and Anxiety, 5.Temporaray confusion",,,,,,,,,,,,,,,,,,,,,,,,,,
Chronic Kidney Disease,"1.Fatigue, 2.Increased or decreased urination, 3.High blood pressure, 4.Shortness of breathe, 5.Swelling in the legs and ankles(edema)",,,,,,,,,,,,,,,,,,,,,,,,,,
Rheumatoid Arthritis,"1.Joint pain and swelling, 2.Fatigue, 3.Warmth and redness around affected joints, 4.Reduced range of motion, 5.Stiffness particularly in the morning",,,,,,,,,,,,,,,,,,,,,,,,,,
Ulcerative Colitis,"1.Diarrhea (often bloody), 2.Abdominal pain and cramping, 3.Urgent bowel movements, 4.Weight loss, 5.Fatigue",,,,,,,,,,,,,,,,,,,,,,,,,,
Crohn's Disease,"1.Diarrhea, 2.Abdominal pain and cramping, 3.Reduced appetite and weight loss, 4.Fatigue, 5.Fistuals(abnormal connections between organs",,,,,,,,,,,,,,,,,,,,,,,,,,
Hypothyroidism:,"1.Fatigue, 2.Dry skin and hair, 3.Muscle Weakness and aches, 4.Constipation, 5.Depression, 6.Weight gain",,,,,,,,,,,,,,,,,,,,,,,,,,
Hyperthyroidism:,"1.Rapid heartbeat (tachycardia), 2.Weight loss despite increased appetite, 3.Tremors, 4.Heat intolerance, 5.Sweating, 6.Anxiety",,,,,,,,,,,,,,,,,,,,,,,,,,
Endometriosis:,"1.Pelvic pain (often associated with menstruation), 2.Pain during intercourse, 3.Infertility, 4.Painful periods",,,,,,,,,,,,,,,,,,,,,,,,,,
Autoimmune Diseases,"1.Joint pain and swelling, 2.Fatigue, 3.Skin rashes, 4.Muscle pain, 5.Fever",,,,,,,,,,,,,,,,,,,,,,,,,,
Vata Dosha:,"Vata is composed of the elements air and ether (space). It is associated with movement and is responsible for bodily functions related to motion, such as breathing, blinking, muscle contractions, and communication between different parts of the body. People with a dominant Vata constitution tend to be creative, energetic, and enthusiastic when in balance, but they can experience issues like anxiety, insomnia, and digestive problems when it's out of balance.",,,,,,,,,,,,,,,,,,,,,,,,,,
Pitta Dosha,"Pitta is primarily composed of the elements fire and water. It governs digestion, metabolism, and transformation within the body. This dosha is responsible for processes like digestion, body temperature regulation, and hormonal balance. Individuals with a predominant Pitta constitution tend to have a sharp intellect, strong digestion, and leadership qualities. However, an imbalance can lead to issues like acidity, anger, and skin problems.",,,,,,,,,,,,,,,,,,,,,,,,,,
Kapha Dosha:,"Kapha is primarily composed of the elements water and earth. It is responsible for the body's structure and lubrication, including the formation of muscles, bones, and the immune system. Kapha individuals tend to be calm, patient, and nurturing when balanced. However, an excess of Kapha can result in weight gain, sluggishness, and respiratory issues.",,,,,,,,,,,,,,,,,,,,,,,,,,
Foods to Avoid for Pitta Dosha,"1.Spicy Food: Avoid extremely spicy foods, including chili peppers, hot sauces, and excessive amounts of black pepper. 2.Sour Foods: Minimize the consumption of sour foods like vinegar, citrus fruits (especially on an empty stomach), and sour yogurt. 3.Hot and Fried Foods: Steer clear of deep-fried foods and foods that are excessively oily. Fried snacks, fast food, and greasy meals can aggravate Pitta. 4.Hot and Fried Foods: Steer clear of deep-fried foods and foods that are excessively oily. Fried snacks, fast food, and greasy meals can aggravate Pitta. 5.Sour Fruits: While some fruits are beneficial, overly sour fruits like green grapes, cranberries, and unripe pineapple should be consumed in moderation. 6.Mustard: Mustard, especially strong varieties, can be too spicy and heating for Pitta types. 7.Hormonal Imbalances: Pitta imbalances can affect hormonal function, leading to issues like irregular menstruation or hot flashes in menopause. 8.",,,,,,,,,,,,,,,,,,,,,,,,,,
        Symptoms of Pitta Dosha,"1. Digestive Issues: Pitta governs digestion, so an imbalance can lead to problems like hyperacidity, heartburn, ulcers, gastritis, and diarrhea. 2.Skin Problems: Pitta imbalances often manifest as skin issues like rashes, hives, acne, or inflammation. The skin may become sensitive to sunlight. 3.Excessive Heat: Individuals with a Pitta imbalance may feel excessively hot, even in moderate temperatures. They may sweat profusely and have an aversion to heat. 4.Burning Sensation: Pitta imbalances can cause a burning sensation in various parts of the body, including the eyes, stomach, and skin. 5.Inflammation: Pitta excess can lead to inflammatory conditions in the body, such as arthritis or inflammatory bowel diseases. 6.Liver and Gallbladder Issues: Pitta governs the liver and gallbladder, so imbalances may result in liver inflammation, jaundice, or gallstones. 7.Excessive Thirst: People with elevated Pitta may experience intense thirst and dry mouth. 8.Red or Yellow Urine: Urine may appear reddish or yellowish when Pitta is imbalanced.

",,,,,,,,,,,,,,,,,,,,,,,,,,
fever,"The below listed food items could help in decreasing the body temperature during fever:1.Clear Fluids.2.Citrus food items such as Orange,Lemon for vitamin C,which increases immunity.3.Leafy greens,carrot,Broccoli,Cauliflower.4.Avoid Sugary and Processed Foods.5.Suffiecient Rest.6. Getting plenty of rest is essential for recovery during a fever.",,,,,,,,,,,,,,,,,,,,,,,,,,
common cold,"The following foods can help relief the symptoms of cold:!.Ginger.2.Honey.3.Spinach.4.Lean protein sources like chicken, turkey, fish.",,,,,,,,,,,,,,,,,,,,,,,,,,
blue baby syndrome,"Blue baby syndrome, also known as methemoglobinemia, is a rare condition in which a baby's blood doesn't carry enough oxygen, leading to a bluish discoloration of the skin and other symptoms.                    1.You can prepare homemade baby foods using low-nitrate vegetables and fruits. Opt for vegetables like peas, sweet potatoes, and squash, which tend to be lower in nitrates.2.",,,,,,,,,,,,,,,,,,,,,,,,,,
foods to be avoided for blue baby syndrome,"High nitratae foods should be avoided:1.Spinach
2.Beets
3.Carrots
4.High Green beans
5.Beetroots
6.Cabbage
7.Turnips
8.Lettuce
9.Collard greens
10.Celery
11.Radishes",,,,,,,,,,,,,,,,,,,,,,,,,,
daily routine,"1.Wake Up Early: Aim to wake up at the same time each day to regulate your body's internal clock.
2.Hydrate: Start your day with a glass of water to rehydrate your body after a night's sleep.
3.Exercise: Engage in physical activity, such as a morning walk, jog, yoga, or a workout routine. Aim for at least 30 minutes of exercise most days of the week.
4.Healthy Breakfast: Fuel your body with a balanced breakfast that includes a combination of protein, complex carbohydrates, and fiber. 5.Meditation",,,,,,,,,,,,,,,,,,,,,,,,,,
diet for healthy  lifestyle,"1.Eat a Variety of Foods: Consume a wide range of foods to ensure you get a diverse mix of nutrients. This includes fruits, vegetables, whole grains, lean proteins, and healthy fats. 2.Portion Control: Pay attention to portion sizes to avoid overeating. Even healthy foods can contribute to weight gain if consumed in excess.3.Balance Macronutrients: Your diet should include a balance of macronutrients 4.Carbohydrates: Choose complex carbohydrates like whole grains, legumes, and vegetables over simple sugars. 5.Proteins: Include lean sources of protein like poultry, fish, tofu, beans, and nuts. 6.Fats: Opt for healthy fats found in avocados, olive oil, nuts, and fatty fish like salmon. 7.Fiber-Rich Foods: Incorporate high-fiber foods like whole grains, fruits, vegetables, and legumes. Fiber aids in digestion and can help maintain a healthy weight.",,,,,,,,,,,,,,,,,,,,,,,,,,
Can you explain the basic principles of Ayurveda,"Chatbot: Ayurveda is based on balancing the body's doshas - Vata, Pitta, and Kapha.",,,,,,,,,,,,,,,,,,,,,,,,,,
What's the Ayurvedic approach to skincare?,Ayurveda complements modern medicine for chronic conditions.,,,,,,,,,,,,,,,,,,,,,,,,,,
What are some Ayurvedic herbs for stress relief?,Ashwagandha and Brahmi are great for reducing stress.,,,,,,,,,,,,,,,,,,,,,,,,,,
How can I determine my Ayurvedic body type?,Take the dosha quiz to identify your Prakriti.,,,,,,,,,,,,,,,,,,,,,,,,,,
Any Ayurvedic tips for a good night's sleep?,Try warm milk with turmeric before bedtime for better sleep.,,,,,,,,,,,,,,,,,,,,,,,,,,
What's the Ayurvedic perspective on yoga?,Ayurveda and yoga go hand in hand for holistic health.,,,,,,,,,,,,,,,,,,,,,,,,,,
Are there any Ayurvedic remedies for allergies?,"Yes, Ayurveda suggests remedies like neti pot and herbal teas",,,,,,,,,,,,,,,,,,,,,,,,,,
Can Ayurveda help with weight management?,Ayurveda provides personalized diet and lifestyle recommendations for weight balance.,,,,,,,,,,,,,,,,,,,,,,,,,,
amount of diet,"The amount of diet that can  be included in your day to day routine are:1.Protein:Recommended Daily Amount: 10-35% of total daily calories.
Amount in grams: Approximately 0.8 grams of protein per kilogram of body weight is the Recommended                                                            2.Fats:
Recommended Daily Amount: 20-35% of total daily calories.
Saturated Fat: Less than 10% of total daily calories.                                                                                                                                     3.Carbohydrates:
Recommended Daily Amount: 45-65% of total daily calories.
Emphasize complex carbohydrates (whole grains, fruits, vegetables) over simple sugars (sweets, sugary beverages).",,,,,,,,,,,,,,,,,,,,,,,,,,
protein rich foods,"A few protein rich food items are:1.Seafood
2.Eggs
3.Dairy Products
4.Poultry  5.Nuts and seeds                                                                                                                                                                                                                                          ",,,,,,,,,,,,,,,,,,,,,,,,,,
carbohydrates rich food," Carbohydrates are organic compounds made up of carbon, hydrogen, and oxygen atoms, and they play a vital role in various physiological processes. Listed below are few carbohydrate rich food1.Whole Grains
2.Bread and Cereals
3.Rice
4.Pasta
5.Potatoes
6.Sweet Potatoes
7.Oats
8.Beans and Legumes
9.Fruits
10.Vegetables
11.Corn
12.Peas",,,,,,,,,,,,,,,,,,,,,,,,,,
fat rich foods,"1.Avocado
2.Nuts and Seeds
3.Fatty Fish (e.g., Salmon, Trout)
4.Olive Oil,coconut oil
5.Butter
6.Cheese
7.Dark Chocolate (in moderation)
8.Full-Fat Yogurt",,,,,,,,,,,,,,,,,,,,,,,,,,
Night time food items,"It's essential to choose options that are not only satisfying but also gentle on your digestive system to promote better sleep and overall health. Here are some food items that can be consumed at night:Complex Carbohydrates

1.Nuts and Seeds
2Fruits:kiwis,cherries.berries,mango
3.Vegetables:Cauliflower,broccli,green beans.
4.Herbal Tea
5.Whole-Grain Crackers
6.Cottage Cheese
7.Dark Chocolate
8.Popcorn
9.Hard-Boiled Eggs
10.Avocado
11.Warm Milk
",,,,,,,,,,,,,,,,,,,,,,,,,,
food items to be avoided during night,"Avoiding heavy or difficult-to-digest foods at night can help promote better sleep and overall digestive health. Here are some types of foods that are typically best avoided at night1.Caffeine
2.Spicy Foods
3.High-Fat and Fried Foods
4.Large Meals
5.Sugary Snacks
6.Alcohol
7.High-Protein Foods
8.Carbonated Beverages
9.Citrus Fruits
10.Excessive Fluids                                                                                                                                                                                                                             11.Bananas",,,,,,,,,,,,,,,,,,,,,,,,,,
Food items that helps in digestion,"Food plays a crucial role in the process of digestion. Digestion is the complex process by which the body breaks down the food you eat into smaller molecules that can be absorbed and used for energy, growth, and repair.Here are the foods that helps in digestion:1.Bananas
2.White Rice
3.Plain Yogurt
4.Ginger
5.Oatmeal
6.Applesauce
7.Mint
8.Plain, Skinless Chicken
9.Papaya
10.Boiled or Steamed Vegetables
11.Broth-Based Soups
12.Herbal Teas
13.Mashed Potatoes
14.Avocado
15.Pumpkin                                                                                                                                                                                                                                                                                                                                                           16.Bolied foods",,,,,,,,,,,,,,,,,,,,,,,,,,
dangerous food combinations,"According to Ayurveda, the ancient system of traditional medicine from India, certain food combinations are considered potentially harmful or difficult to digest when consumed together.Here are a few dangerous combinations:1.Fruit with Dairy
2Milk with Nightshades
3Honey with Hot Foods
4.Milk with Sour Foods
5.Fish and Dairy
6.Radishes with Dairy
7.Melons with Other Fruits
8.Bananas with Milk
9.Lentils with Dairy",,,,,,,,,,,,,,,,,,,,,,,,,,
daily routines in ayurveda,"guidance on Ayurvedic daily routines, including practices such as oil pulling, tongue scraping, and self-massage (abhyanga).Wake Up Early
1.Oral Care
2.Evacuation
3.Oil Massage (Abhyanga)
4.Bathing
5.Exercise or Yoga
6.Meditation and Pranayama
7.Breakfast
8.Work or Daily Activities
9.Lunch
10.Midday Rest
11.Dinner
12.Evening Activities
13.Bedtime
14.Sleep Hygiene",,,,,,,,,,,,,,,,,,,,,,,,,,
healthy skin,"To achieve a healthy glowing skin,include the listed food items in your diet:1.Water
2.Fruits and Vegetables(Vitamin A,Vitamin k,VItamin E)
3.Antioxidants
4.Fatty Fish
5.Nuts and Seeds
6.Avocado
7.Protein
8.Green Tea
9.Tomatoes
10.Junk and oily foods can be avoided",,,,,,,,,,,,,,,,,,,,,,,,,,
vata symptoms,"Symptoms of Vata Dosha:1.Nervousness, anxiousness, panic, fear.2,Dry or chapped skin.2.Strained elimination, gas, bloating, dry, hard stools.4.Low body weight.5.Dislike of cold and wind.
6.Difficulty tolerating loud noises.
7.Light, interrupted sleep",,,,,,,,,,,,,,,,,,,,,,,,,,
pitta symptoms,"Symptoms of Pita Dosha::1.Increase in stomach heat which can cause acid reflux.2.heartburn, and ulcers.
3.Increase in mental heat which can cause irritation, frustration, and anger.
4.Increase in hunger and thirst                                                                                                                                                                                   5.Irritability, inflammation",,,,,,,,,,,,,,,,,,,,,,,,,,
Kapha symptoms,"Symptoms of Kapha Dosha:
1.A thick, white coating on the tongue.
2.slow, sticky, sluggish bowel movements.
3.Extra body weight.
4.Difficulty rising in the morning.
5Feeling foggy, dull, lethargic, or heavy.
6.Getting easily attached or possessive.
7.Feeling overly sentimental, complacent, or stubborn.",,,,,,,,,,,,,,,,,,,,,,,,,,
yoga for kabha,"It's important to note that Ayurveda emphasizes a personalized approach to health, and yoga practices should be chosen based on one's specific constitution (Prakriti) and current doshic imbalances (Vikriti).        1.Energetic Yoga: Dynamic and stimulating practices like Sun Salutations (Surya Namaskar) can help increase energy.
2.Kapalbhati Pranayama: This rapid breath exercise can boost metabolism and invigorate the body.
3.Uddiyana Bandha: This abdominal lock is beneficial for digestion and reducing lethargy.
4.Inversions: Poses like Shoulder Stand (Sarvangasana) and Headstand (Sirsasana) can help stimulate the thyroid and reduce water retention.
5.Detoxifying Yoga: Practices like twists and intense heating poses can help balance Kapha.                                                       ",,,,,,,,,,,,,,,,,,,,,,,,,,
yoga for pitta,"It's important to note that Ayurveda emphasizes a personalized approach to health, and yoga practices should be chosen based on one's specific constitution (Prakriti) and current doshic imbalances (Vikriti).1.Cooling Yoga: Practices that emphasize cooling, such as Moon Salutations (Chandra Namaskar), can help.
2.Pranayama: Sheetali and Sheetkari pranayama techniques involve breathing through the mouth to cool the body.
3.Meditation: Mindfulness meditation helps reduce stress and emotional reactivity.
4.Chandra Bhedana (Left-Nostril Breathing): This pranayama practice has a cooling effect on the body.
5.Sitali Pranayama (Cooling Breath): This breath cools the body and reduces heat",,,,,,,,,,,,,,,,,,,,,,,,,,
yoga for vatta,"It's important to note that Ayurveda emphasizes a personalized approach to health, and yoga practices should be chosen based on one's specific constitution (Prakriti) and current doshic imbalances (Vikriti).    1.Gentle Yoga: Slow-paced, gentle yoga sequences help calm the mind and relax the body.
2.Restorative Yoga: Restorative poses with the use of props promote deep relaxation and reduce anxiety.
3.Yin Yoga: Long-held poses in yin yoga help release tension and improve flexibility.
4.Nadi Shodhana (Alternate Nostril Breathing): This pranayama technique helps balance and ground the mind.
5.Warm Oil Self-Massage (Abhyanga): Regular self-massage with warm oil can soothe dry skin and calm the nervous system.",,,,,,,,,,,,,,,,,,,,,,,,,,
Can you identify this plant from a picture,"""Sure! Please upload a clear picture of the plant, and I'll do my best to identify it for you.""",,,,,,,,,,,,,,,,,,,,,,,,,,
"""How often should I water my succulents?""","""Succulents prefer infrequent watering. Typically, water them when the soil is completely dry, about every 1-2 weeks depending on the environment.""",,,,,,,,,,,,,,,,,,,,,,,,,,
"""What does 'photosynthesis' mean?""","""Photosynthesis is the process by which green plants and some other organisms use sunlight to synthesize foods with the help of chlorophyll.""",,,,,,,,,,,,,,,,,,,,,,,,,,
"""I found a plant with pink flowers, what is it?""","""Pink flowers could belong to various plants. Can you provide more details about the plant's leaves, stem, or habitat for better identification?""",,,,,,,,,,,,,,,,,,,,,,,,,,
"""How can I grow my own vegetables at home?""","""Growing vegetables at home is a great idea! Start by selecting a suitable location with plenty of sunlight and prepare nutrient-rich soil for planting.""",,,,,,,,,,,,,,,,,,,,,,,,,,
"""What are the medicinal properties of lavender?""","""Lavender has several medicinal properties, including its ability to promote relaxation, reduce anxiety, and relieve headaches. It's commonly used in aromatherapy and herbal remedies.""",,,,,,,,,,,,,,,,,,,,,,,,,,
"""Tell me about native plants in California.""","""California is home to a diverse range of native plants, including the California poppy, redwood trees, and chaparral shrubs. These plants play crucial roles in local ecosystems and conservation efforts.""",,,,,,,,,,,,,,,,,,,,,,,,,,
"""How do I prevent pests from damaging my plants?""","""To prevent pests, try natural remedies like neem oil or companion planting. You can also encourage beneficial insects like ladybugs and lacewings to control pest populations.""",,,,,,,,,,,,,,,,,,,,,,,,,,
"""What's the latest research on plant genetics?""","""Recent research in plant genetics has focused on understanding gene expression, genetic modification techniques, and breeding methods to improve crop yields and resilience to environmental stressors.""",,,,,,,,,,,,,,,,,,,,,,,,,,
"""Can you recommend some flowers for winter?""","""Certainly! Winter-flowering plants like pansies, cyclamen, and winter jasmine can add color to your garden during the colder months. Be sure to consider your local climate and soil conditions for optimal growth.""",,,,,,,,,,,,,,,,,,,,,,,,,,
"""What can I do to support plant conservation?""","""You can support plant conservation by volunteering with local organizations, participating in habitat restoration projects, advocating for protected areas, and practicing sustainable gardening practices.""",,,,,,,,,,,,,,,,,,,,,,,,,,
"""Test my knowledge of botany with a quiz.""","""Great idea! Here's a fun quiz to test your botany knowledge. Which part of the plant is responsible for photosynthesis: a) Leaves b) Roots c) Stem?""",,,,,,,,,,,,,,,,,,,,,,,,,,
"""How do I revive a dying houseplant?""","""To revive a dying houseplant, assess its watering, lighting, and soil conditions. Trim away dead or yellowing leaves, repot if necessary, and provide proper care to encourage new growth.""",,,,,,,,,,,,,,,,,,,,,,,,,,
"""Where can I find information about herbal remedies?""","""You can find information about herbal remedies from reputable sources such as herbalist books, scientific journals, and online databases like PubMed or the National Institutes of Health.""",,,,,,,,,,,,,,,,,,,,,,,,,,
How do I propagate succulents?,"Succulents can be propagated through leaf or stem cuttings. Select healthy leaves or stems, allow them to callous, then plant them in well-draining soil. Keep the soil moist until new roots form.",,,,,,,,,,,,,,,,,,,,,,,,,,
What are the different types of soil for gardening?,"There are several types of soil, including sandy, loamy, and clay soils. Loamy soil, with a balanced mix of sand, silt, and clay, is ideal for most plants as it provides good drainage and retains nutrients.",,,,,,,,,,,,,,,,,,,,,,,,,,
Can you explain the concept of pollination?,"Pollination is the transfer of pollen from the male reproductive organs to the female reproductive organs of flowering plants, leading to fertilization and the production of seeds and fruits.",,,,,,,,,,,,,,,,,,,,,,,,,,
What are the benefits of composting?,"Composting helps enrich soil with nutrients, improves soil structure and water retention, reduces the need for chemical fertilizers, and diverts organic waste from landfills, contributing to sustainability.",,,,,,,,,,,,,,,,,,,,,,,,,,
How can I attract pollinators to my garden?,"Planting a variety of flowers rich in nectar and pollen, providing water sources, avoiding pesticides, and creating habitat features like nesting sites can attract and support pollinators such as bees and butterflies.",,,,,,,,,,,,,,,,,,,,,,,,,,
What are some common plant diseases and their treatments?,"Common plant diseases include powdery mildew, fungal leaf spots, and bacterial blight. Treatment methods may include pruning infected areas, applying fungicides, and improving air circulation.",,,,,,,,,,,,,,,,,,,,,,,,,,
Tell me about the importance of biodiversity in ecosystems.,"Biodiversity is crucial for ecosystem stability and resilience. It supports ecosystem services such as pollination, nutrient cycling, and pest control, making ecosystems more resistant to environmental changes.",,,,,,,,,,,,,,,,,,,,,,,,,,
How do I know if my plant needs repotting?,"Signs that a plant needs repotting include roots growing out of the drainage holes, crowded roots in the pot, water draining too quickly, or the plant becoming root-bound. Repot into a slightly larger container with fresh soil.",,,,,,,,,,,,,,,,,,,,,,,,,,
Can you recommend some low-light indoor plants?,"Sure! Some low-light indoor plants include snake plants, pothos, peace lilies, and ZZ plants. These plants can tolerate low-light conditions and are suitable for offices or rooms with limited sunlight.",,,,,,,,,,,,,,,,,,,,,,,,,,
What are some edible flowers I can grow in my garden?,"Edible flowers like nasturtiums, violets, calendula, and pansies not only add beauty to your garden but also offer a delightful addition to salads, desserts, and herbal teas. Ensure they are grown organically and are safe for consumption.",,,,,,,,,,,,,,,,,,,,,,,,,,
How do plants adapt to their environments?,"Plants adapt to their environments through various mechanisms such as altering leaf shapes to reduce water loss, developing deep roots for accessing water, and changing flowering times to match seasonal conditions.",,,,,,,,,,,,,,,,,,,,,,,,,,
Tell me about the history of botany as a science.,"Botany has a rich history dating back to ancient civilizations like the Greeks and Romans. It has evolved from simple plant classification to encompassing various disciplines such as genetics, ecology, and molecular biology.",,,,,,,,,,,,,,,,,,,,,,,,,,
Can you recommend some drought-tolerant plants?,"Drought-tolerant plants like lavender, succulents, yarrow, and sedum are well-suited to arid climates or regions with limited water availability. They require less water and can thrive in dry conditions.",,,,,,,,,,,,,,,,,,,,,,,,,,
How do I harvest and store seeds from my garden?,"To harvest seeds, allow plants to mature and produce seeds, then collect them when they're fully dry. Store seeds in a cool, dry place in labeled envelopes or containers to maintain viability for future planting.",,,,,,,,,,,,,,,,,,,,,,,,,,
Tell me about the role of mycorrhizal fungi in plant health.,"Mycorrhizal fungi form symbiotic relationships with plant roots, enhancing nutrient uptake, improving soil structure, and increasing plant resilience to stress. They play a crucial role in plant health and ecosystem functioning.",,,,,,,,,,,,,,,,,,,,,,,,,,
How do I care for my orchid plant?,"Orchids require indirect sunlight, well-draining soil, and regular watering. Avoid overwatering and provide high humidity. Fertilize lightly during the growing season.",,,,,,,,,,,,,,,,,,,,,,,,,,
What are the best herbs to grow indoors?,"Popular herbs for indoor growing include basil, parsley, mint, and chives. These herbs thrive in containers near a sunny window and provide fresh flavors for cooking.",,,,,,,,,,,,,,,,,,,,,,,,,,
How do I prevent damping off in seedlings?,"To prevent damping off, use sterile potting mix, provide good air circulation, avoid overwatering, and keep seedlings in a well-lit area. Apply a fungicide if necessary.",,,,,,,,,,,,,,,,,,,,,,,,,,
Can you explain the difference between annuals and perennials?,"Annual plants complete their life cycle in one growing season, while perennials live for multiple years, regrowing each spring. Biennials take two years to complete their life cycle.",,,,,,,,,,,,,,,,,,,,,,,,,,
What are some plants that repel mosquitoes naturally?,"Plants like citronella, lavender, marigolds, and rosemary have natural mosquito-repellent properties. Plant them in your garden or in containers on your patio to help deter mosquitoes.",,,,,,,,,,,,,,,,,,,,,,,,,,
How do I start a compost bin at home?,"To start a compost bin, collect kitchen scraps like fruit and vegetable peels, coffee grounds, and eggshells. Layer them with brown materials like leaves and paper in a bin or pile. Turn regularly to aerate.",,,,,,,,,,,,,,,,,,,,,,,,,,
What is the importance of pH in soil for plant growth?,Soil pH affects nutrient availability to plants. Most plants prefer slightly acidic to neutral soil (pH 6-7). Adjust soil pH as needed using amendments like lime or sulfur.,,,,,,,,,,,,,,,,,,,,,,,,,,
Can you suggest some plants for a shady garden?,"Shade-loving plants such as hostas, ferns, astilbes, and heucheras thrive in low-light conditions. Consider the type of shade (partial or full) when selecting plants for your garden.",,,,,,,,,,,,,,,,,,,,,,,,,,
How do I control weeds in my garden without chemicals?,Mulching with organic materials like straw or wood chips can suppress weed growth by blocking sunlight and preventing weed seeds from germinating. Hand pulling and hoeing are also effective.,,,,,,,,,,,,,,,,,,,,,,,,,,
Tell me about the benefits of companion planting.,"Companion planting involves growing compatible plants together to maximize growth, deter pests, and enhance flavor. For example, planting marigolds near tomatoes can repel pests like nematodes.",,,,,,,,,,,,,,,,,,,,,,,,,,
What are some common houseplant pests and how do I treat them?,"Common houseplant pests include aphids, spider mites, and mealybugs. Treatments include washing plants with soapy water, applying neem oil, and isolating heavily infested plants.",,,,,,,,,,,,,,,,,,,,,,,,,,
How do I create a butterfly garden?,"To create a butterfly garden, plant nectar-rich flowers like butterfly bush, milkweed, coneflowers, and zinnias. Provide host plants for butterfly larvae and sheltered areas for basking.",,,,,,,,,,,,,,,,,,,,,,,,,,
Can you recommend some native plants for landscaping?,"Native plants like black-eyed Susans, butterfly weed, and switchgrass are well-adapted to local climates and support local wildlife. They require less water and maintenance than non-native plants.",,,,,,,,,,,,,,,,,,,,,,,,,,
Tell me about the role of hormones in plant growth.,"Plant hormones regulate various growth processes such as cell elongation, root development, and flowering. Examples include auxins, gibberellins, cytokinins, and abscisic acid.",,,,,,,,,,,,,,,,,,,,,,,,,,
How do I create a raised bed garden?,"To create a raised bed garden, construct a frame using wood, bricks, or composite materials. Fill with a mixture of topsoil, compost, and organic matter. Raised beds provide good drainage and easier access.",,,,,,,,,,,,,,,,,,,,,,,,,,
What are some tips for starting seeds indoors?,"Start seeds indoors in containers with seed-starting mix, provide warmth and light, and keep soil consistently moist. Transplant seedlings outdoors after the last frost date.",,,,,,,,,,,,,,,,,,,,,,,,,,
Can you recommend some flowering vines for a trellis?,"Flowering vines like clematis, jasmine, morning glories, and climbing roses can add vertical interest to your garden and attract pollinators. Provide sturdy support for the vines to climb.",,,,,,,,,,,,,,,,,,,,,,,,,,
Tell me about the role of mycorrhizal fungi in soil health.,"Mycorrhizal fungi form symbiotic relationships with plant roots, improving nutrient uptake, water absorption, and soil structure. They enhance plant growth and contribute to soil fertility.",,,,,,,,,,,,,,,,,,,,,,,,,,
How do I divide and transplant perennials?,"To divide perennials, dig up the plant and separate the root ball into smaller sections. Replant the divisions in well-prepared soil, water thoroughly, and provide care until established.",,,,,,,,,,,,,,,,,,,,,,,,,,
Can you recommend some deer-resistant plants?,"Deer-resistant plants include lavender, yarrow, salvia, and ornamental grasses. These plants have fragrant foliage or textures that deer typically avoid. Consider fencing or repellents for added protection.",,,,,,,,,,,,,,,,,,,,,,,,,,
What are some natural methods for controlling aphids?,"Natural methods for controlling aphids include spraying plants with a strong stream of water, releasing beneficial insects like ladybugs or lacewings, and applying insecticidal soap.",,,,,,,,,,,,,,,,,,,,,,,,,,
How do I create a xeriscape garden for water conservation?,"Xeriscape gardening involves selecting drought-tolerant plants, improving soil quality, mulching to retain moisture, and minimizing water use through efficient irrigation techniques.",,,,,,,,,,,,,,,,,,,,,,,,,,
Tell me about the lifecycle of a flowering plant.,"The lifecycle of a flowering plant begins with seed germination, followed by vegetative growth, flowering, pollination, seed formation, and seed dispersal. The cycle then repeats.",,,,,,,,,,,,,,,,,,,,,,,,,,
What is botany?,"Botany is the scientific study of plants, encompassing their structure, growth, reproduction, evolution, classification, ecology, and economic importance.",,,,,,,,,,,,,,,,,,,,,,,,,,
How are plants classified?,"Plants are classified based on various characteristics such as their reproductive structures, growth habits, and genetic relationships. They are grouped into divisions, classes, orders, families, genera, and species.",,,,,,,,,,,,,,,,,,,,,,,,,,
What is the difference between monocots and dicots?,"Monocots and dicots are two types of flowering plants distinguished by the number of seed leaves (cotyledons) in their embryos, leaf vein arrangement, floral structures, and root systems.",,,,,,,,,,,,,,,,,,,,,,,,,,
How do plants reproduce?,"Plants reproduce through sexual and asexual means. Sexual reproduction involves the fusion of gametes to form a zygote, while asexual reproduction involves the production of offspring from a single parent without the involvement of gametes.",,,,,,,,,,,,,,,,,,,,,,,,,,
What is photosynthesis?,"Photosynthesis is the process by which green plants, algae, and some bacteria convert light energy into chemical energy stored in glucose molecules, using carbon dioxide and water in the presence of chlorophyll.",,,,,,,,,,,,,,,,,,,,,,,,,,
What is the importance of plants in ecosystems?,"Plants play vital roles in ecosystems by producing oxygen, providing food and habitat for animals, regulating the climate, preventing soil erosion, filtering water, and contributing to nutrient cycles.",,,,,,,,,,,,,,,,,,,,,,,,,,
How do plants adapt to their environments?,"Plants adapt to environmental conditions through various mechanisms such as altering leaf morphology, adjusting water uptake and storage, modifying reproductive strategies, and forming symbiotic relationships with other organisms.",,,,,,,,,,,,,,,,,,,,,,,,,,
What are some examples of plant defenses against herbivores?,"Plant defenses against herbivores include physical barriers like thorns and spines, chemical deterrents such as toxins and repellents, and indirect defenses like attracting predators or releasing volatile compounds to signal distress.",,,,,,,,,,,,,,,,,,,,,,,,,,
Can plants communicate with each other?,"Yes, plants can communicate through chemical signals released into the environment in response to biotic and abiotic stressors. This communication can involve warning neighboring plants of threats, sharing resources, or coordinating growth patterns.",,,,,,,,,,,,,,,,,,,,,,,,,,
How do plants acquire nutrients from the soil?,"Plants acquire nutrients from the soil through their root systems. They absorb water and dissolved minerals through root hairs via osmosis and active transport, utilizing symbiotic relationships with mycorrhizal fungi for enhanced nutrient uptake.",,,,,,,,,,,,,,,,,,,,,,,,,,
What are some examples of plant adaptations to arid environments?,"Plant adaptations to arid environments include succulence for water storage, deep root systems to access groundwater, reduced leaf surface area to minimize water loss, and CAM (Crassulacean Acid Metabolism) photosynthesis for efficient water use.",,,,,,,,,,,,,,,,,,,,,,,,,,
What are some economically important plant species?,"Economically important plant species include crops like wheat, rice, corn, and soybeans for food production; timber species such as pine, oak, and teak for construction and furniture; and medicinal plants like ginseng and aloe vera for pharmaceuticals.",,,,,,,,,,,,,,,,,,,,,,,,,,
How do plants respond to environmental stressors?,"Plants respond to environmental stressors through various mechanisms such as altering growth patterns, activating stress-response genes, accumulating protective compounds like antioxidants, and forming mutualistic relationships with beneficial microorganisms.",,,,,,,,,,,,,,,,,,,,,,,,,,
What are some examples of plant symbiotic relationships?,"Examples of plant symbiotic relationships include mycorrhizal fungi aiding in nutrient uptake, nitrogen-fixing bacteria enriching soil fertility, and pollinators facilitating reproduction through mutualistic interactions with flowers.",,,,,,,,,,,,,,,,,,,,,,,,,,
How do plants adapt to low-light conditions?,"Plants adapt to low-light conditions by increasing chlorophyll production, elongating stems to reach light, reducing leaf size to minimize energy loss, and developing specialized light-capturing structures such as shade leaves or phototropic responses.",,,,,,,,,,,,,,,,,,,,,,,,,,
How do plants disperse their seeds?,"Plants disperse seeds through various mechanisms such as wind dispersal, animal dispersal (endozoochory), water dispersal (hydrochory), ballistic dispersal (explosive seed pods), and gravity dispersal (dropping seeds near the parent plant).",,,,,,,,,,,,,,,,,,,,,,,,,,
What are the main components of a plant cell?,"Plant cells contain several key components including the cell wall, cell membrane, cytoplasm, nucleus, chloroplasts (in photosynthetic cells), vacuoles, and various organelles involved in cellular functions.",,,,,,,,,,,,,,,,,,,,,,,,,,
How do plants store energy?,"Plants store energy primarily in the form of carbohydrates, particularly starch, which is synthesized during photosynthesis and stored in specialized storage organs such as roots, tubers, bulbs, and seeds.",,,,,,,,,,,,,,,,,,,,,,,,,,
How do plants respond to changes in day length?,"Plants use photoperiodism, a physiological response to changes in day length, to regulate processes like flowering, dormancy, and growth. Short-day, long-day, and day-neutral plants exhibit different responses to photoperiodic cues.",,,,,,,,,,,,,,,,,,,,,,,,,,
